USE `mydb` ;

-- Пользователи
INSERT INTO `User` (`FirstName`, `LastName`, `SecondName`, `Email`, `UserName`, `Password`, `Rating`, `CreatedAt`, `Enabled`, `Avatar`, `IsStaff`)
VALUES
    ('Иван', 'Иванов', 'Петрович', 'ivanov@example.com', 'ivanov_ip', 'Password1', 5.0, '2025-06-24 12:00:00', 1, NULL, 0),
    ('Анна', 'Сидорова', 'Витальевна', 'sidorova@example.com', 'sidorova_a', 'Secure12', 3.9, '2025-06-24 16:00:00', 1, NULL, 0),
    ('Дмитрий', 'Козлов', 'Сергеевич', 'kozlov@example.com', 'kozlov_ds', 'Testpass1', 0, '2025-06-24 11:00:00', 1, NULL, 0),
    ('Ульяна', 'Петрова', 'Алексеевна', 'ulyana.petrova657@gmail.com', 'petrova_e', 'Mypass123', 5, '2025-06-24 19:00:00', 1, NULL, 0),
    ('Михаил', 'Смирнов', 'Алексеевич', 'smirnov@example.com', 'smirnov_m', 'Qwerty12', 4.4, '2025-06-25 10:00:00', 1, NULL, 0),
    ('Ольга', 'Васильева', NULL, 'vasilieva@example.com', 'vasilieva_o', 'Passcode1', 4.9, '2025-06-24 17:00:00', 1, NULL, 0),
    ('Сергей', 'Морозов', 'Иванович', 'morozov@example.com', 'morozov_s', 'Secret123', 0, '2025-06-24 10:00:00', 1, NULL, 0),
    ('Мария', 'Федорова', NULL, 'fedorova@example.com', 'fedorova_m', 'Test1234', 4.8, '2025-06-24 10:00:00', 1, NULL, 0),
    ('Забан', 'Забанов', NULL, 'kuznetsov@example.com', 'kuznetsov_a', 'Mypass321', 1.2, '2025-06-24 20:00:00', 0, NULL, 0),
    ('Админ', 'Админов', NULL, 'admin@example.com', 'admin', 'Adminpass1', 0, '2025-06-24 10:00:00', 1, NULL, 1);

-- Авторы
INSERT INTO `Autor` (`FirstName`, `LastName`)
VALUES
    ('Айзек', 'Азимов'),
    ('Джоан', 'Роулинг'),
    ('Лев', 'Толстой'),
    ('Федор', 'Достоевский'),
    ('Дарья', 'Донцова'),
    ('Джордж', 'Оруэлл'),
    ('Агата', 'Кристи'),
    ('Стивен', 'Кинг'),
    ('Михаил', 'Лермонтов'),
    ('Александр', 'Пушкин');

-- Книги
INSERT INTO `BookLiterary` (`IdAutor`, `BookName`, `Note`, `ISBN`, `YearPublishing`)
VALUES
    (1, 'Я, робот', NULL, '978-5-04-171583-0', '2018-01-01'),
    (1, 'Основание', NULL, '978-5-17-087885-7', '2019-01-01'),
    (2, 'Гарри Поттер и философский камень', 'Примечание', '978-5-389-06258-3', '2015-01-01'),
    (2, 'Гарри Поттер и тайная комната', NULL, '978-5-389-06256-9', '2016-01-01'),
    (3, 'Война и мир', NULL, NULL, '2023-01-01'),
    (3, 'Анна Каренина', NULL, NULL, '2024-01-01'),
    (4, 'Преступление и наказание', NULL, NULL, '2022-01-01'),
    (4, 'Идиот', NULL, NULL, '2021-01-01'),
    (5, 'Ананас под ёлкой', 'ААхаха лол кто это читает', '978-5-17-098456-6', '2006-01-01'),
    (5, 'Бегемот под майонезом', NULL, '978-5-04-111301-8', '2012-01-01'),
    (6, '1984', NULL, '678-4-34-171523-0', '2022-01-01'),
    (6, 'Скотный двор', NULL, '978-5-17-098461-0', '2023-01-01'),
    (7, 'Убийство в Восточном экспрессе', NULL, '978-5-04-160623-7', '2024-01-01'),
    (7, 'Десять негритят', NULL, '978-5-04-907340-8', '2025-01-01'),
    (8, 'Сияние', NULL, '978-5-389-06267-9', '2020-01-01'),
    (8, 'Кэрри', NULL, '978-5-389-06268-6', '2017-01-01'),
    (9, 'Герой нашего времени', NULL, '978-5-17-092164-5', '2021-01-01'),
    (9, 'Маскарад', 'а я не читал', NULL, '2014-01-01'),
    (10, 'Евгений Онегин', NULL, '978-5-352-00443-2', '2023-01-01'),
    (10, 'Капитанская дочка', NULL, '978-5-389-06257-6', '2025-01-01');

 -- Статус заявки
INSERT INTO `Status` (`IdStatus`, `Name`) VALUES
    -- Статусы обмена (1x)
    (11, 'Ожидаем подтверждения от второго участника'),
    (12, 'Подтвержден. Ожидаем трек-номера отправленных книг.'),
    (13, 'Одна книга доставляется. Ожидаем трек-номер от второго участника.'),
    (14, 'Книги доставляются.'),
    (15, 'Обмен завершен.'),
    -- Статусы сообщений (2x)
    (21, 'Открыто'),
    (22, 'Закрыто');
    
-- Предлагаемые к обмену книги
INSERT INTO `OfferList` (`IdBookLiterary`, `IdUser`, `CreateAt`, `UpdateAt`, `IdStatus`)
VALUES
    (1, 1, '2025-06-25 10:00:00', '2025-06-25 10:00:00', 11),
    (3, 2, '2025-06-25 11:00:00', '2025-06-25 11:00:00', 11),
    (5, 3, '2025-06-25 12:00:00', '2025-06-25 12:00:00', 11),
    (7, 4, '2025-06-25 11:30:00', '2025-06-25 11:30:00', 11),
    (9, 5, '2025-06-25 09:00:00', '2025-06-25 09:00:00', 11),
    (11, 6, '2025-06-25 04:00:00', '2025-06-25 04:00:00', 11),
    (13, 7, '2025-06-25 06:00:00', '2025-06-25 06:00:00', 11),
    (15, 8, '2025-06-25 08:00:00', '2025-06-25 08:00:00', 11),
    (17, 9, '2025-06-25 07:00:00', '2025-06-25 07:00:00', 11),
    (19, 1, '2025-06-25 12:00:00', '2025-06-25 12:00:00', 11);

-- Адреса пользователей
INSERT INTO `UserAddress` (`IdUser`, `AddrIndex`, `AddrCity`, `AddrStreet`, `AddrHouse`, `AddrStructure`, `AddrApart`)
VALUES
    (1, '123456', 'Москва', 'Ленина', '10', NULL, '5'),
    (2, '654321', 'Санкт-Петербург', 'Невский', '20', 'А', '12'),
    (3, '111222', 'Казань', 'Баумана', '15', NULL, NULL),
    (4, '333444', 'Екатеринбург', 'Мира', '25', NULL, '3'),
    (5, '555666', 'Новосибирск', 'Горская', '30', 'Б', '8'),
    (6, '777888', 'Самара', 'Куйбышева', '5', NULL, '10'),
    (7, '999000', 'Ульяновск', 'Гончарова', '12', NULL, NULL),
    (8, '222333', 'Краснодар', 'Красная', '18', NULL, '7'),
    (9, '444555', 'Саранск', 'Советская', '22', 'В', '4'),
    (10, '666777', 'Димитровград', 'Ленина', '8', NULL, '2');
    
    -- Запрашиваемые пользователями книги
INSERT INTO `WishList` (`IdUser`, `CreatedAt`, `UpdateAt`, `IdStatus`, `IdUserAddress`)
VALUES
    (1, '2025-06-25 12:00:00', '2025-06-25 12:00:00', 11, 1),
    (2, '2025-06-25 12:00:00', '2025-06-25 12:00:00', 11, 2),
    (3, '2025-06-25 12:00:00', '2025-06-25 12:00:00', 11, 3),
    (4, '2025-06-25 12:00:00', '2025-06-25 12:00:00', 11, 4),
    (5, '2025-06-25 12:00:00', '2025-06-25 12:00:00', 11, 5),
    (6, '2025-06-25 12:00:00', '2025-06-25 12:00:00', 11, 6),
    (7, '2025-06-25 12:00:00', '2025-06-25 12:00:00', 11, 7),
    (8, '2025-06-25 12:00:00', '2025-06-25 12:00:00', 11, 8),
    (9, '2025-06-25 12:00:00', '2025-06-25 12:00:00', 11, 9),
    (10, '2025-06-25 12:00:00', '2025-06-25 12:00:00', 11, 10);
    
-- Сообщения (техподдержка)
INSERT INTO `UserMsg` (`IdUser`, `CreateAt`, `Text`, `Notes`, `IdStatus`, `Type`)
VALUES
    (1, '2025-06-25 15:00:00', 'Мне нравится ваш сервис', 'Спасибо', 21, 0),
    (3, '2025-06-25 14:00:00', 'ваууу,,, прикоооол', NULL, 21, 0),
    (4, '2025-06-25 18:00:00', 'помогите ниче не понимаю', NULL, 21, 0),
    (8, '2025-06-25 16:00:00', 'Вопрос по обмену', 'Ответ администратора', 22, 0),
    (7, '2025-06-25 16:00:00', 'блаблабла блеблебле блублублу хаблблблб лингангулигулигулилингангулингангу', 'понятно...', 22, 0),
    (1, '2025-06-25 13:00:00', 'аааахахахахахаха хихи хаха бебебе бабаба', NULL, 21, 0),
    
	(2, '2025-06-25 17:00:00', 'На Вашу книгу Азимов, Я, робот согласны обменяться.', NULL, 11, 1),
    (3, '2025-06-26 17:00:00', 'Вариант обмена на книгу Толстой, Война и мир аннулирован.', NULL, 15, 1),
    (1, '2025-06-27 17:00:00', 'Второй участник не подтвердил обмен на вашу книгу Азимов, Я, робот. Мы найдем другой вариант.', NULL, 15, 1),
    (5, '2025-06-28 17:00:00', 'Укажите трек-номер отправленной книги Донцова, Ананас под ёлкой.', NULL, 12, 1),
    (6, '2025-06-29 17:00:00', 'В случае отсутствия до 2025-07-06 17:00:00 трек-номера, доступ будет закрыт.', NULL, 14, 1),
    (2, '2025-06-29 18:00:00', 'Пользователь sidorova_a задерживает отправку книги Роулинг, Гарри Поттер.', 'Действие требуется', 13, 0),
    (9, '2025-06-28 17:30:00', 'Ваш доступ к приложению закрыт.', NULL, 22, 1),
    (2, '2025-06-25 19:00:00', 'Вашу книгу Азимов, Я, робот ждёт Иванов Иван по адресу Москва, Ленина, 10', NULL, 15, 1);

INSERT INTO `ExchangeList` (`IdOfferList1`, `IdWishList1`, `IdOfferList2`, `IdWishList2`, `CreateAt`, `IsBoth`)
VALUES
    (1, 2, 3, 1, '2025-06-25 16:00:00', 1), -- Пользователь 1 и 3 
    (4, 5, 5, 4, '2025-06-25 17:00:00', 0), -- Пользователь 4 и 5
    (6, 8, 8, 6, '2025-06-25 18:00:00', 1); -- Пользователь 6 и 8


INSERT INTO `UserExchangeList` (`IdOfferList`, `TrackNumber`, `Receiving`)
VALUES
    (1, '12345678901234', 1), -- Пользователь 1, обмен 1
    (3, '98765432109876', 1), -- Пользователь 3, обмен 1
    (6, '11122233344455', 0), -- Пользователь 6, обмен 3
    (8, NULL, 0); -- Пользователь 8, обмен 3
    
INSERT INTO `UserList` (`IdOfferList`, `IdWishList`)
VALUES
    (1, NULL), (2, NULL), (3, NULL), (4, NULL), (5, NULL),
    (6, NULL), (7, NULL), (8, NULL), (9, NULL), (10, NULL),
    (NULL, 1), (NULL, 2), (NULL, 3), (NULL, 4), (NULL, 5),
    (NULL, 6), (NULL, 7), (NULL, 8), (NULL, 9), (NULL, 10);

INSERT INTO `BookResponse` (`IdBookLiterary`, `IdUser`, `CreateAt`, `Response`, `Note`)
VALUES
    (1, 1, '2025-06-25 19:00:00', 'Отличная книга, рекомендую!', NULL),
    (3, 2, '2025-06-25 20:00:00', 'Прикольно, зачет', NULL);

-- Категории (исправлено согласно схеме базы данных)
INSERT INTO `Category` (`IdCategory`, `Value`, `MultySelect`)
VALUES
    (1, 'Жанр', 1),
    (2, 'Область наук', 1),
    (3, 'Состояние', 0),
    (4, 'Обложка', 0),
    (5, 'Лауреат', 0),
    (6, 'Экранизация', 0),
    (7, 'Язык издания', 1),
    (8, 'Издание', 0);

-- Значения категорий
INSERT INTO `ValueCategory` (`IdValueCategory`, `Value`, `IdCategory`)
VALUES
    (1, 'Фантастика', 1),
    (2, 'Научная фантастика', 1),
    (3, 'Фэнтези', 1),
    (4, 'Роман', 1),
    (5, 'Исторический роман', 1),
    (6, 'Детектив', 1),
    (7, 'Антиутопия', 1),
    (8, 'Ужасы', 1),
    (9, 'Классика', 1),
    (10, 'Физика', 2),
    (11, 'Химия', 2),
    (12, 'Биология', 2),
    (13, 'Математика', 2),
    (14, 'Филология', 2),
    (15, 'Новое', 3),
    (16, 'Б/у', 3),
    (17, 'Твердая', 4),
    (18, 'Мягкая', 4),
    (19, 'Да', 5),
    (20, 'Нет', 5),
    (21, 'Да', 6),
    (22, 'Нет', 6),
    (23, 'Подарочное', 8),
    (24, 'Обычное', 8),
    (25, 'Ограниченное', 8),
    (26, 'Русский', 7),
    (27, 'Английский', 7),
    (28, 'Немецкий', 7),
    (29, 'Французский', 7);


INSERT INTO `UserValueCategory` (`IdUserList`, `IdValueCategory`)
VALUES
    (1, 1),  -- Иван Иванов: Фантастика
    (1, 15), -- Иван Иванов: Новое
    (2, 4),  -- Анна Сидорова: Роман
    (2, 16), -- Анна Сидорова: Б/у
    (2, 17), -- Анна Сидорова: Твердая
    (3, 9),  -- Дмитрий Козлов: Классика
    (3, 18), -- Дмитрий Козлов: Мягкая
    (3, 19), -- Дмитрий Козлов: Да (Лауреат)
    (4, 6),  -- Ульяна Петрова: Детектив
    (4, 20), -- Ульяна Петрова: Нет (Лауреат)
    (4, 21), -- Ульяна Петрова: Да (Экранизация)
    (5, 7),  -- Михаил Смирнов: Антиутопия
    (5, 22), -- Михаил Смирнов: Нет (Экранизация)
    (5, 23), -- Михаил Смирнов: Подарочное
    (6, 8),  -- Ольга Васильева: Ужасы
    (6, 24), -- Ольга Васильева: Обычное
    (6, 25), -- Ольга Васильева: Ограниченное
    (7, 1),  -- Сергей Морозов: Фантастика
    (7, 26), -- Сергей Морозов: Русский
    (7, 27), -- Сергей Морозов: Английский
    (8, 9),  -- Мария Федорова: Классика
    (8, 28), -- Мария Федорова: Немецкий
    (8, 29), -- Мария Федорова: Французский
    (9, 10), -- Забан Забанов: Физика
    (9, 15), -- Забан Забанов: Новое
    (9, 16), -- Забан Забанов: Б/у
    (10, 11),-- Админ Админов: Химия
    (10, 17),-- Админ Админов: Твердая
    (10, 23),-- Админ Админов: Подарочное

    (11, 3), -- Иван Иванов: Фэнтези
    (11, 18),-- Иван Иванов: Мягкая
    (11, 21),-- Иван Иванов: Да (Экранизация)
    (12, 5), -- Анна Сидорова: Исторический роман
    (12, 19),-- Анна Сидорова: Да (Лауреат)
    (12, 22),-- Анна Сидорова: Нет (Экранизация)
    (13, 12),-- Дмитрий Козлов: Биология
    (13, 20),-- Дмитрий Козлов: Нет (Лауреат)
    (13, 24),-- Дмитрий Козлов: Обычное
    (14, 13),-- Ульяна Петрова: Математика
    (14, 25),-- Ульяна Петрова: Ограниченное
    (14, 26),-- Ульяна Петрова: Русский
    (15, 14),-- Михаил Смирнов: Филология
    (15, 27),-- Михаил Смирнов: Английский
    (15, 28),-- Михаил Смирнов: Немецкий
    (16, 1), -- Ольга Васильева: Фантастика
    (16, 29),-- Ольга Васильева: Французский
    (16, 15),-- Ольга Васильева: Новое
    (17, 6), -- Сергей Морозов: Детектив
    (17, 16),-- Сергей Морозов: Б/у
    (17, 17),-- Сергей Морозов: Твердая
    (18, 7), -- Мария Федорова: Антиутопия
    (18, 18),-- Мария Федорова: Мягкая
    (18, 19),-- Мария Федорова: Да (Лауреат)
    (19, 8), -- Забан Забанов: Ужасы
    (19, 20),-- Забан Забанов: Нет (Лауреат)
    (19, 21),-- Забан Забанов: Да (Экранизация)
    (20, 9), -- Админ Админов: Классика
    (20, 22),-- Админ Админов: Нет (Экранизация)
    (20, 24);-- Админ Админов: Обычное