USE `mydb` ;

-- Пользователи
INSERT INTO `User` (`FirstName`, `LastName`, `SecondName`, `Email`, `UserName`, `Password`, `Rating`, `CreatedAt`, `Enabled`, `Avatar`, `IsStaff`)
VALUES
    ('Иван', 'Иванов', 'Петрович', 'ivanov@example.com', 'ivanov_ip', 'Password1', 5.0, '2025-06-24 12:00:00', 1, NULL, 0),
    ('Анна', 'Сидорова', 'Витальевна', 'sidorova@example.com', 'sidorova_a', 'Secure12', 3.9, '2025-06-24 16:00:00', 1, NULL, 0),
    ('Дмитрий', 'Козлов', 'Сергеевич', 'kozlov@example.com', 'kozlov_ds', 'Testpass1', 0, '2025-06-24 11:00:00', 1, NULL, 0),
    ('Ульяна', 'Петрова', 'Алексеевна', 'ulyana.petrova657@gmail.com', 'petrova_e', 'Mypass123', 5, '2025-06-24 19:00:00', 1, NULL, 0),
    ('Михаил', 'Смирнов', 'Алексеевич', 'smirnov@example.com', 'smirnov_m', 'Qwerty12', 4.4, '2025-06-25 10:00:00', 1, NULL, 0),
    ('Ольга', 'Васильева', NULL, 'vasilieva@example.com', 'vasilieva_o', 'Passcode1', 4.9, '2025-06-24 17:00:00', 1, NULL, 0),
    ('Сергей', 'Морозов', 'Иванович', 'morozov@example.com', 'morozov_s', 'Secret123', 0, '2025-06-24 10:00:00', 1, NULL, 0),
    ('Мария', 'Федорова', NULL, 'fedorova@example.com', 'fedorova_m', 'Test1234', 4.8, '2025-06-24 10:00:00', 1, NULL, 0),
    ('Забан', 'Забанов', NULL, 'kuznetsov@example.com', 'kuznetsov_a', 'Mypass321', 1.2, '2025-06-24 20:00:00', 0, NULL, 0),
    ('Админ', 'Админов', NULL, 'admin@example.com', 'admin', 'Adminpass1', 0, '2025-06-24 10:00:00', 1, NULL, 1);

-- Авторы
INSERT INTO `Autor` (`FirstName`, `LastName`)
VALUES
    ('Айзек', 'Азимов'),
    ('Джоан', 'Роулинг'),
    ('Лев', 'Толстой'),
    ('Федор', 'Достоевский'),
    ('Дарья', 'Донцова'),
    ('Джордж', 'Оруэлл'),
    ('Агата', 'Кристи'),
    ('Стивен', 'Кинг'),
    ('Михаил', 'Лермонтов'),
    ('Александр', 'Пушкин');

-- Книги
INSERT INTO `BookLiterary` (`IdAutor`, `BookName`, `Note`, `ISBN`, `YearPublishing`)
VALUES
    (1, 'Я, робот', NULL, '978-5-04-171583-0', '2018-01-01'),
    (1, 'Основание', NULL, '978-5-17-087885-7', '2019-01-01'),
    (2, 'Гарри Поттер и философский камень', 'Примечание', '978-5-389-06258-3', '2015-01-01'),
    (2, 'Гарри Поттер и тайная комната', NULL, '978-5-389-06256-9', '2016-01-01'),
    (3, 'Война и мир', NULL, NULL, '2023-01-01'),
    (3, 'Анна Каренина', NULL, NULL, '2024-01-01'),
    (4, 'Преступление и наказание', NULL, NULL, '2022-01-01'),
    (4, 'Идиот', NULL, NULL, '2021-01-01'),
    (5, 'Ананас под ёлкой', 'ААхаха лол кто это читает', '978-5-17-098456-6', '2006-01-01'),
    (5, 'Бегемот под майонезом', NULL, '978-5-04-111301-8', '2012-01-01'),
    (6, '1984', NULL, '678-4-34-171523-0', '2022-01-01'),
    (6, 'Скотный двор', NULL, '978-5-17-098461-0', '2023-01-01'),
    (7, 'Убийство в Восточном экспрессе', NULL, '978-5-04-160623-7', '2024-01-01'),
    (7, 'Десять негритят', NULL, '978-5-04-907340-8', '2025-01-01'),
    (8, 'Сияние', NULL, '978-5-389-06267-9', '2020-01-01'),
    (8, 'Кэрри', NULL, '978-5-389-06268-6', '2017-01-01'),
    (9, 'Герой нашего времени', NULL, '978-5-17-092164-5', '2021-01-01'),
    (9, 'Маскарад', 'а я не читал', NULL, '2014-01-01'),
    (10, 'Евгений Онегин', NULL, '978-5-352-00443-2', '2023-01-01'),
    (10, 'Капитанская дочка', NULL, '978-5-389-06257-6', '2025-01-01');

 -- Статус заявки
    INSERT INTO `Status` (`IdStatus`, `Name`)
VALUES
    (11, 'свободен'),
    (12, 'В процессе'),
    (13, 'Потвержден'),
    (14, 'Завершен'),
    (21, 'Открыто'),
    (22, 'Закрыто');
    
-- Предлагаемые к обмену книги
INSERT INTO `OfferList` (`IdBookLiterary`, `IdUser`, `CreateAt`, `UpdateAt`, `IdStatus`)
VALUES
    (1, 1, '2025-06-25 10:00:00', '2025-06-25 10:00:00', 11),
    (3, 2, '2025-06-25 11:00:00', '2025-06-25 11:00:00', 11),
    (5, 3, '2025-06-25 12:00:00', '2025-06-25 12:00:00', 11),
    (7, 4, '2025-06-25 11:30:00', '2025-06-25 11:30:00', 11),
    (9, 5, '2025-06-25 09:00:00', '2025-06-25 09:00:00', 11),
    (11, 6, '2025-06-25 04:00:00', '2025-06-25 04:00:00', 11),
    (13, 7, '2025-06-25 06:00:00', '2025-06-25 06:00:00', 11),
    (15, 8, '2025-06-25 08:00:00', '2025-06-25 08:00:00', 11),
    (17, 9, '2025-06-25 07:00:00', '2025-06-25 07:00:00', 11),
    (19, 1, '2025-06-25 12:00:00', '2025-06-25 12:00:00', 11);

-- Адреса пользователей
INSERT INTO `UserAddress` (`IdUser`, `AddrIndex`, `AddrCity`, `AddrStreet`, `AddrHouse`, `AddrStructure`, `AddrApart`)
VALUES
    (1, '123456', 'Москва', 'Ленина', '10', NULL, '5'),
    (2, '654321', 'Санкт-Петербург', 'Невский', '20', 'А', '12'),
    (3, '111222', 'Казань', 'Баумана', '15', NULL, NULL),
    (4, '333444', 'Екатеринбург', 'Мира', '25', NULL, '3'),
    (5, '555666', 'Новосибирск', 'Горская', '30', 'Б', '8'),
    (6, '777888', 'Самара', 'Куйбышева', '5', NULL, '10'),
    (7, '999000', 'Ульяновск', 'Гончарова', '12', NULL, NULL),
    (8, '222333', 'Краснодар', 'Красная', '18', NULL, '7'),
    (9, '444555', 'Саранск', 'Советская', '22', 'В', '4'),
    (10, '666777', 'Димитровград', 'Ленина', '8', NULL, '2');
    
    -- Запрашиваемые пользователями книги
INSERT INTO `WishList` (`IdUser`, `CreatedAt`, `UpdateAt`, `IdStatus`, `IdUserAddress`)
VALUES
    (1, '2025-06-25 12:00:00', '2025-06-25 12:00:00', 11, 1),
    (2, '2025-06-25 12:00:00', '2025-06-25 12:00:00', 11, 2),
    (3, '2025-06-25 12:00:00', '2025-06-25 12:00:00', 11, 3),
    (4, '2025-06-25 12:00:00', '2025-06-25 12:00:00', 11, 4),
    (5, '2025-06-25 12:00:00', '2025-06-25 12:00:00', 11, 5),
    (6, '2025-06-25 12:00:00', '2025-06-25 12:00:00', 11, 6),
    (7, '2025-06-25 12:00:00', '2025-06-25 12:00:00', 11, 7),
    (8, '2025-06-25 12:00:00', '2025-06-25 12:00:00', 11, 8),
    (9, '2025-06-25 12:00:00', '2025-06-25 12:00:00', 11, 9),
    (10, '2025-06-25 12:00:00', '2025-06-25 12:00:00', 11, 10);
    
-- Сообщения (техподдержка)
INSERT INTO `UserMsg` (`IdUser`, `CreateAt`, `Text`, `Notes`, `IdStatus`, `Type`)
VALUES
    (1, '2025-06-25 15:00:00', 'Мне нравится ваш сервис', 'Спасибо', 21, 1),
    (3, '2025-06-25 14:00:00', 'ваууу,,, прикоооол', NULL, 21, 1),
    (4, '2025-06-25 18:00:00', 'помогите ниче не понимаю', NULL, 21, 1),
    (10, '2025-06-25 16:00:00', 'Вопрос по обмену', 'Ответ администратора', 22, 0),
    (7, '2025-06-25 16:00:00', 'блаблабла блеблебле блублублу хаблблблб лингангулигулигулилингангулингангу', 'понятно...', 22, 0),
    (1, '2025-06-25 13:00:00', 'аааахахахахахаха хихи хаха бебебе бабаба', NULL, 21, 0);


INSERT INTO `ExchangeList` (`IdOfferList1`, `IdWishList1`, `IdOfferList2`, `IdWishList2`, `CreateAt`, `IsBoth`)
VALUES
    (1, 2, 3, 1, '2025-06-25 16:00:00', 1), -- Пользователь 1 и 3 
    (4, 5, 5, 4, '2025-06-25 17:00:00', 0), -- Пользователь 4 и 5
    (6, 8, 8, 6, '2025-06-25 18:00:00', 1); -- Пользователь 6 и 8


INSERT INTO `UserExchangeList` (`IdOfferList`, `TrackNumber`, `Receiving`)
VALUES
    (1, '12345678901234', 1), -- Пользователь 1, обмен 1
    (3, '98765432109876', 1), -- Пользователь 3, обмен 1
    (6, '11122233344455', 0), -- Пользователь 6, обмен 3
    (8, NULL, 0); -- Пользователь 8, обмен 3
    
INSERT INTO `UserList` (`IdOfferList`, `IdWishList`)
VALUES
    (1, NULL), (2, NULL), (3, NULL), (4, NULL), (5, NULL),
    (6, NULL), (7, NULL), (8, NULL), (9, NULL), (10, NULL),
    (NULL, 1), (NULL, 2), (NULL, 3), (NULL, 4), (NULL, 5),
    (NULL, 6), (NULL, 7), (NULL, 8), (NULL, 9), (NULL, 10);

INSERT INTO `BookResponse` (`IdBookLiterary`, `IdUser`, `CreateAt`, `Response`, `Note`)
VALUES
    (1, 1, '2025-06-25 19:00:00', 'Отличная книга, рекомендую!', NULL),
    (3, 2, '2025-06-25 20:00:00', 'Прикольно, зачет', NULL);

/*
INSERT INTO `Category` (`IdCategory`, `Name`, `IdParent`, `MultySelect`)
VALUES
    (0, '', NULL, 0);    
-- Категории родительские
INSERT INTO `Category` (`IdCategory`, `Name`, `IdParent`, `MultySelect`)
VALUES
    (1, 'Жанр', 0, 1),
    (2, 'Область наук', 0, 1),
    (3, 'Состояние', 0, 0),
    (4, 'Обложка', 0, 0),
    (5, 'Лауреат', 0, 0),
    (6, 'Экранизация', 0, 0),
	(28, 'Издание', 0, 0),
	(7, 'Язык издания', 0, 1);
-- Категории дочерние
INSERT INTO `Category` (`IdCategory`, `Name`, `IdParent`, `MultySelect`)
VALUES    
    (8, 'Фантастика', 1, 0),
    (9, 'Научная фантастика', 1, 0),
    (10, 'Фэнтези', 1, 0),
    (11, 'Роман', 1, 0),
    (12, 'Исторический роман', 1, 0),
    (13, 'Детектив', 1, 0),
    (14, 'Антиутопия', 1, 0),
    (15, 'Ужасы', 1, 0),
    (16, 'Классика', 1, 0),
    (16, 'Физика', 2, 0),
    (17, 'Химия', 2, 0),
    (18, 'Биология', 2, 0),
    (19, 'Математика', 2, 0),
    (20, 'Филология', 2, 0),
    (21, 'Твердая', 4, 0),
    (22, 'Мягкая', 4, 0),
    (23, 'Новое', 3, 0),
    (24, 'Б/у', 3, 0),
    (25, 'Да', 5, 0),
    (26, 'Нет', 5, 0),
	(27, 'Да', 6, 0),
    (27, 'Нет', 6, 0),
    (29, 'Подарочное', 28, 0),
    (30, 'Обычное', 28, 0),
	(31, 'Ограниченное', 28, 0),
    (32, 'Русский', 7, 0),
    (33, 'Английский', 7, 0),
    (34, 'Немецкий', 7, 0),
    (35, 'Французский', 7, 0);
    
    
INSERT INTO `UserValueCategory` (`IdUserList`, `Category_IdCategory`)
VALUES
    (1, 8),  (1, 21), (1, 23), (1, 32), (1, 30), (1, 27), -- Фантастика, твердая, новое, русский, обычное, экранизация: да
    (2, 10), (2, 22), (2, 24), (2, 32), (2, 29),           -- Фэнтези, мягкая, б/у, русский, подарочное
    (3, 11), (3, 21), (3, 23), (3, 32), (3, 30),           -- Роман, твердая, новое, русский, обычное
    (4, 13), (4, 22), (4, 24), (4, 32), (4, 30), (4, 27), -- Детектив, мягкая, б/у, русский, обычное, экранизация: да
    (5, 13), (5, 21), (5, 23), (5, 32), (5, 29),           -- Детектив, твердая, новое, русский, подарочное
    (6, 14), (6, 22), (6, 24), (6, 33), (6, 30), (6, 27), -- Антиутопия, мягкая, б/у, английский, обычное, экранизация: да
    (7, 15), (7, 21), (7, 23), (7, 32), (7, 30), (7, 27), -- Ужасы, твердая, новое, русский, обычное, экранизация: да
    (8, 15), (8, 22), (8, 24), (8, 32), (8, 30),           -- Ужасы, мягкая, б/у, русский, обычное
    (9, 16), (9, 21), (9, 23), (9, 32), (9, 31),           -- Классика, твердая, новое, русский, ограниченное
    (10, 16), (10, 22), (10, 24), (10, 32), (10, 30),      -- Классика, мягкая, б/у, русский, обычное
    (11, 11), (11, 21), (11, 23), (11, 32),                -- Роман, твердая, новое, русский
    (12, 8),  (12, 22), (12, 24), (12, 32),                -- Фантастика, мягкая, б/у, русский
    (13, 13), (13, 21), (13, 23), (13, 32),                -- Детектив, твердая, новое, русский
    (14, 15), (14, 22), (14, 24), (14, 32),                -- Ужасы, мягкая, б/у, русский
    (15, 10), (15, 21), (15, 23), (15, 32),                -- Фэнтези, твердая, новое, русский
    (16, 14), (16, 22), (16, 24), (16, 33),                -- Антиутопия, мягкая, б/у, английский
    (17, 9),  (17, 21), (17, 23), (17, 32),                -- Научная фантастика, твердая, новое, русский
    (18, 16), (18, 22), (18, 24), (18, 32),                -- Классика, мягкая, б/у, русский
    (19, 12), (19, 21), (19, 23), (19, 32),                -- Исторический роман, твердая, новое, русский
    (20, 13);                                              -- Детектив */